Method,CL_max,Alpha_at_max,Vstall
2D,1.5913,17.25,13.173204353325419
Prandtl,1.4864506656288479,17.25,13.629885593867566
Kuchemann,1.4987492919306582,17.25,13.573847477240925
